{"cameraMode":{"drawMode":0,"name":"Shaded","section":"Shading Mode"},"sceneLighting":true,"audioPlay":false,"sceneViewState":{"showFog":true,"showMaterialUpdate":false,"showSkybox":true,"showFlares":true,"showImageEffects":true,"showParticleSystems":true},"in2DMode":false,"pivot":{"x":0.5688416957855225,"y":2.0440878868103029,"z":-0.7141443490982056},"rotation":{"x":-0.13913312554359437,"y":0.01078149862587452,"z":-0.001499031437560916,"w":-0.990213930606842},"size":7.013915061950684,"orthographic":false}