{"cameraMode":{"drawMode":0,"name":"Shaded","section":"Shading Mode"},"sceneLighting":false,"audioPlay":false,"sceneViewState":{"showFog":true,"showMaterialUpdate":false,"showSkybox":true,"showFlares":true,"showImageEffects":true,"showParticleSystems":true},"in2DMode":false,"pivot":{"x":0.006864011287689209,"y":-0.004799528047442436,"z":0.008698716759681702},"rotation":{"x":-0.10639728605747223,"y":0.4979204535484314,"z":-0.06170935556292534,"w":-0.8584561347961426},"size":0.27580440044403078,"orthographic":false}